location_id,formattedAddress,city,state
1,"PO Box 908, Groves, TX 77619",Groves,TX
2,"223 Portola Dr, Danville, CA 94506",Danville,CA
3,"2018 N 87th Ter, Scottsdale, AZ 85257",Scottsdale,AZ
4,"3003 50th St, Ste 400, Lubbock, TX 79413",Lubbock,TX
5,"5268 Nw 35th Lane Rd, Ocala, FL 34482",Ocala,FL
6,"161 Tori Pines Dr, Saint Louis, MO 63129",Saint Louis,MO
7,"564 Old Augusta Rd S, Rincon, GA 31326",Rincon,GA
8,"404 Silver Spring St, Dallas, GA 30157",Dallas,GA
9,"18741 County Rd, 40, Goshen, IN 46526",Goshen,IN
10,"126 W Bow St, Franklin, NH 03235",Franklin,NH
11,"2020 Whitley Ave, Los Angeles, CA 90068",Los Angeles,CA
12,"6960 Silverleaf Ave, Baton Rouge, LA 70812",Baton Rouge,LA
13,"186 Claremont Ave, Verona, NJ 07044",Verona,NJ
14,"380 Penguin Ln, Salem, VA 24153",Salem,VA
15,"905 W Springer St, Beeville, TX 78102",Beeville,TX
16,"327 W Gaines St, Lawrenceburg, TN 38464",Lawrenceburg,TN
17,"2829 Browns Bridge Rd, Gainesville, GA 30504",Gainesville,GA
18,"8383 Ne Sandy Blvd, Ste 320FF, Portland, OR 97220",Portland,OR
19,"1040 Courtney St, Hemet, CA 92543",Hemet,CA
20,"5119 Clairton Blvd, Pittsburgh, PA 15236",Pittsburgh,PA
21,"560 Lucille Ln, Sidney, NE 69162",Sidney,NE
22,"3505 E Rotamer Rd, Janesville, WI 53546",Janesville,WI
23,"7630 E Pasadena Ave, Scottsdale, AZ 85250",Scottsdale,AZ
24,"14441 N Pennsylvania Ave Apt N, Oklahoma City, OK 73134",Oklahoma City,OK
25,"252 W Longfellow Ave, Pontiac, MI 48340",Pontiac,MI
26,"14436 Desert Ocotillo Dr, Horizon City, TX 79928",Horizon City,TX
27,"603 W Main St, Claxton, GA 30417",Claxton,GA
28,"2604 Haven Oak Ct, Ellicott City, MD 21042",Ellicott City,MD
29,"1418 N Midwest Blvd, Apt E, Oklahoma City, OK 73110",Oklahoma City,OK
30,"619 Newark Ave, Thornville, OH 43076",Thornville,OH
31,"2716 S Vermont Ave, Independence, MO 64052",Independence,MO
32,"277B Wolf St, Bath, PA 18014",Bath,PA
33,"719 Clark Ave, Stinnett, TX 79083",Stinnett,TX
34,"170 E 94th St, Apt 2A, New York, NY 10128",New York,NY
35,"1142 Gentry Dr, Auburn, AL 36830",Auburn,AL
36,"3005 Dogwood Ct, Moore, OK 73160",Moore,OK
37,"4637 Kimrose Ln, North Royalton, OH 44133",North Royalton,OH
38,"2606 Wheless Ln, Apt 4202, Austin, TX 78723",Austin,TX
39,"3699 Mckinney Ave, Ste 584, Dallas, TX 75204",Dallas,TX
40,"9502 Williamsborough Ln, Louisville, KY 40291",Louisville,KY
41,"8901 Jones Rd, Apt 1210, Houston, TX 77065",Houston,TX
42,"3916 Nantucket Rd, Unit A, Greenville, NC 27834",Greenville,NC
43,"3875 Barahona Dr, Sierra Vista, AZ 85650",Sierra Vista,AZ
44,"4206 Inkberry Valley Ln, Houston, TX 77045",Houston,TX
45,"712 Edgebrook Ln, West Palm Beach, FL 33411",West Palm Beach,FL
46,"819 Oak Leaf Cir, Apt B, Birmingham, AL 35209",Birmingham,AL
47,"8822 Old Spanish Trl, Little Rock, AR 72227",Little Rock,AR
48,"6336 Orange Hue St, North Las Vegas, NV 89031",North Las Vegas,NV
49,"20491 Highway, 79, Sturgis, SD 57785",Sturgis,SD
50,"1130 David Trce, Suwanee, GA 30024",Suwanee,GA
51,"103 S Palm Ave, Howey In The Hills, FL 34737",Howey In The Hills,FL
52,"2428 Acorn Pl, Ontario, CA 91761",Ontario,CA
53,"13784 Gavina Ave, Sylmar, CA 91342",Sylmar,CA
54,"6233 Gulfton St, Apt 2130, Houston, TX 77081",Houston,TX
55,"1409 Waterford Green Dr, Marietta, GA 30068",Marietta,GA
56,"527 Lakewood Way, Susanville, CA 96130",Susanville,CA
57,"469 W Banker Ave, Globe, AZ 85501",Globe,AZ
58,"400 S Ocean Blvd, Apt 204A, Lantana, FL 33462",Lantana,FL
59,"10230 N 32nd Ln, Apt 189, Phoenix, AZ 85051",Phoenix,AZ
60,"815 E Cedar St, Pocatello, ID 83201",Pocatello,ID
61,"15236 Neabsco Mills Rd, Woodbridge, VA 22191",Woodbridge,VA
62,"11 Griffin St, Methuen, MA 01844",Methuen,MA
63,"3364 Brockcrest Cv, Memphis, TN 38128",Memphis,TN
64,"3929 Broadway, Ste 11, Rockford, IL 61108",Rockford,IL
65,"Locust St, West Plains, MO 65775",West Plains,MO
66,"250 Cabrini Blvd, Apt 7B, New York, NY 10033",New York,NY
67,"3303 31st St, San Diego, CA 92104",San Diego,CA
68,"3405 Tartan Dr, Metairie, LA 70003",Metairie,LA
69,"705 Victor St, Enumclaw, WA 98022",Enumclaw,WA
70,"4701 Anderson Rd, Trlr 397, Houston, TX 77053",Houston,TX
71,"13N406 Amberwood Dr, Elgin, IL 60124",Elgin,IL
72,"6550 Yank Way, Apt 327, Arvada, CO 80004",Arvada,CO
73,"42 E Fox Glove Ln, Eagle, CO 81631",Eagle,CO
74,"1520 Jefferson St, Gary, IN 46407",Gary,IN
75,"2608 Rock Maple Dr, Braselton, GA 30517",Braselton,GA
76,"955 Beverly Rd, Corona, CA 92879",Corona,CA
77,"524 Depot Ct, Apt C, Traverse City, MI 49686",Traverse City,MI
78,"2501 Fairchild Dr, Big Spring, TX 79720",Big Spring,TX
79,"1616 Salem Lake Rd, Winston Salem, NC 27107",Winston Salem,NC
80,"4977 Hartson, Kyle, TX 78640",Kyle,TX
81,"PO Box 5671, Sun City West, AZ 85376",Sun City West,AZ
82,"15295 George Oneal Rd, Baton Rouge, LA 70817",Baton Rouge,LA
83,"PO Box 8507, Northridge, CA 91327",Northridge,CA
84,"4703 Orchard Garden Way, Houston, TX 77066",Houston,TX
85,"827 Willoway Ave, East Alton, IL 62024",East Alton,IL
86,"752 Looking Glass Cir, Corona, CA 92882",Corona,CA
87,"PO Box 580982, Minneapolis, MN 55458",Minneapolis,MN
88,"545 White River Dr, Unit 15B, Myrtle Beach, SC 29579",Myrtle Beach,SC
89,"9533 Silverdale Loop Rd NW, Silverdale, WA 98383",Silverdale,WA
90,"11760 San Pablo Ave, Apt 305, El Cerrito, CA 94530",El Cerrito,CA
91,"170 Hartford Ter, Springfield, MA 01118",Springfield,MA
92,"1555 California St, Apt 308, Denver, CO 80202",Denver,CO
93,"1343 N Oakley Blvd, Chicago, IL 60622",Chicago,IL
94,"7599 La Bella Cir, North Highlands, CA 95660",North Highlands,CA
95,"3450 Foggy Mist Rd SE, Palm Bay, FL 32908",Palm Bay,FL
96,"370 Cherry Hill Rd, Elkton, MD 21921",Elkton,MD
97,"3231 Haywood Ave, Chattanooga, TN 37415",Chattanooga,TN
98,"1002 Salem Ave, Hagerstown, MD 21740",Hagerstown,MD
99,"8428 Nw 68th St, Kansas City, MO 64152",Kansas City,MO
100,"1406 S Loraine St, Midland, TX 79701",Midland,TX
101,"2720 Se Lakewood Dr, Portland, OR 97222",Portland,OR
102,"1832 Grey Birch Rd, Fort Wayne, IN 46814",Fort Wayne,IN
103,"5225 E 5th St, Katy, TX 77493",Katy,TX
104,"211 Bonner Lake Rd, Gaffney, SC 29340",Gaffney,SC
105,"24982 Saint Christopher St, Harrison Township, MI 48045",Harrison Township,MI
106,"426 Taylor St, Kenner, LA 70062",Kenner,LA
107,"5N546 Myles Rd, Saint Charles, IL 60175",Saint Charles,IL
108,"102 Brams Ct, Taylors, SC 29687",Taylors,SC
109,"513 E Cloninger St, Dallas, NC 28034",Dallas,NC
110,"1415 Round Lake Rd, Greenwood, IN 46143",Greenwood,IN
111,"36 Barbara Ln, Medford, NY 11763",Medford,NY
112,"2 Mimosa Rd, Lot 4, Phenix City, AL 36870",Phenix City,AL
113,"635 Camdenpark Dr, Ridgeland, MS 39157",Ridgeland,MS
114,"1503 Oneida St, Huntingdon, PA 16652",Huntingdon,PA
115,"101 Kriens Ct, New Bern, NC 28562",New Bern,NC
116,"PO Box 2212, Sioux City, IA 51104",Sioux City,IA
117,"3715 Thomas Jefferson Rd, Lafayette, IN 47909",Lafayette,IN
118,"106 10 1/4 St SE, Rochester, MN 55904",Rochester,MN
119,"9 Hoptree Ct, Homosassa, FL 34446",Homosassa,FL
120,"4260 Nottingham Way, Trenton, NJ 08690",Trenton,NJ
121,"5136 Centralia Rd, North, Chesterfield, VA 23237",Chesterfield,VA
122,"975 Forest Path, Stone Mountain, GA 30088",Stone Mountain,GA
123,"16911 Brighton Ave, Gardena, CA 90247",Gardena,CA
124,"105 Odonnell Rd, New Britain, CT 06053",New Britain,CT
125,"150 St Marks St, Petersburg, VA 23803",Petersburg,VA
126,"6576 Brambleleaf Dr, Spring Hill, FL 34606",Spring Hill,FL
127,"4134 E Laketon Ave, Muskegon, MI 49442",Muskegon,MI
128,"162 Se Via, Lago Garda, Port Saint Lucie, FL 34952",Port Saint Lucie,FL
129,"309 Holland Ln, Unit 106, Alexandria, VA 22314",Alexandria,VA
130,"4101 Clinton Way E, Martinez, GA 30907",Martinez,GA
131,"200 W Sahara Ave, Unit 2505, Las Vegas, NV 89102",Las Vegas,NV
132,"13789 85th Pl N, Maple Grove, MN 55369",Maple Grove,MN
133,"4420 Woodpine Dr, Unit 104, Las Vegas, NV 89119",Las Vegas,NV
134,"358 N Hillcrest Dr SW, Marietta, GA 30064",Marietta,GA
135,"15149 28th Ave, Flushing, NY 11354",Flushing,NY
136,"1602 W 8th Ave, Pine Bluff, AR 71603",Pine Bluff,AR
137,"3727 W Delhi Ave, North Las Vegas, NV 89032",North Las Vegas,NV
138,"4906 Boice Dr, North Brunswick, NJ 08902",North Brunswick,NJ
139,"5708 Phillips St, Charlotte, NC 28269",Charlotte,NC
140,"10383 S 175th Ave, Goodyear, AZ 85338",Goodyear,AZ
141,"10421 Hayford St, Unit H, Bellflower, CA 90706",Bellflower,CA
142,"16403 Se 23rd St, Bellevue, WA 98008",Bellevue,WA
143,"2349 N Woodstock St, Philadelphia, PA 19132",Philadelphia,PA
144,"6 Manor Dr, Apt E, Eldridge, IA 52748",Eldridge,IA
145,"16319 W Cheery Lynn Rd, Goodyear, AZ 85395",Goodyear,AZ
146,"19 Newtown Ct, Mount Laurel, NJ 08054",Mount Laurel,NJ
147,"2764 W 119th Ave, Denver, CO 80234",Denver,CO
148,"4272 Gore Rd, Conneaut, OH 44030",Conneaut,OH
149,"3200 Long Blvd, Apt 6, Nashville, TN 37203",Nashville,TN
150,"357 W Tam Oshanter Dr, Phoenix, AZ 85023",Phoenix,AZ
151,"320 Sells Rd, Salisbury, NC 28144",Salisbury,NC
152,"13225 101st St, Lot 396, Largo, FL 33773",Largo,FL
153,"2900 E Pioneer Pkwy, Ste 200, Arlington, TX 76010",Arlington,TX
154,"15218 Maple Park Dr, Apt 4, Maple Heights, OH 44137",Maple Heights,OH
155,"16219 Audubon Ln, Bowie, MD 20716",Bowie,MD
156,"297 Turnpike Rd, Westborough, MA 01581",Westborough,MA
157,"Pontiac Trl, Lot 940, Evart, MI 49631",Evart,MI
158,"1105 E Byrd St, Appleton, WI 54911",Appleton,WI
159,"624 Jackson Ave, Evansville, IN 47713",Evansville,IN
160,"4859 Ashurst St, Kissimmee, FL 34758",Kissimmee,FL
161,"3800 N Central Ave, Ste 480, Phoenix, AZ 85012",Phoenix,AZ
162,"5359 Ridge Forest Dr, Stone Mountain, GA 30083",Stone Mountain,GA
163,"4105 Walnut Grove Ave, Apt 4, Rosemead, CA 91770",Rosemead,CA
164,"1586 Brook Ln, Denver, NC 28037",Denver,NC
165,"2502 Lindell Rd, Wilmington, DE 19808",Wilmington,DE
166,"1334 Arbor Ave, Monroe, MI 48162",Monroe,MI
167,"1981 Oakview Dr, Fayetteville, NC 28304",Fayetteville,NC
168,"775 S Webster St, Decatur, IL 62521",Decatur,IL
169,"144-66 Village Rd, Unit 75D, Briarwood, NY 11435",Briarwood,NY
170,"701 E 900 S, Unit 24, Saint George, UT 84790",Saint George,UT
171,"14126 Ash Mountain Ln, Conroe, TX 77384",Conroe,TX
172,"4755 W Cinnamon Tree Cir, West Valley City, UT 84120",West Valley City,UT
173,"562 Sw 3rd St, Homestead, FL 33034",Homestead,FL
174,"3402 Dona Ave, Alexandria, VA 22303",Alexandria,VA
175,"85 2nd Ave, Cranston, RI 02910",Cranston,RI
176,"840 Water Elm Ct, Chesapeake, VA 23320",Chesapeake,VA
177,"2377 Georgetown Cir, Aurora, IL 60503",Aurora,IL
178,"326 W 4th St, Ashland, OH 44805",Ashland,OH
179,"40B Sumac Ct, Mount Laurel, NJ 08054",Mount Laurel,NJ
180,"150 Newland St, Apt 3, Hazard, KY 41701",Hazard,KY
181,"1311 Slumber Pass, San Antonio, TX 78260",San Antonio,TX
182,"11907 De Leon Dr, North Port, FL 34287",North Port,FL
183,"43 Orkney Rd, Apt 1, Boston, MA 02135",Boston,MA
184,"1456 Ashbury Way, Perris, CA 92571",Perris,CA
185,"4100 Estey Ave, Naples, FL 34104",Naples,FL
186,"3546 Menlo Rd, Cleveland, OH 44120",Cleveland,OH
187,"6846 Horseshoe Bend Rd, Weatherford, TX 76087",Weatherford,TX
188,"3334 Blaine St NE, Washington, DC 20019",Washington,DC
189,"3803 Dearborn St, Caldwell, ID 83605",Caldwell,ID
190,"552 Old Country Rd, Huntington Station, NY 11746",Huntington Station,NY
191,"120 Blithe St, Green Bay, WI 54303",Green Bay,WI
192,"12832 Cricoli Dr, Austin, TX 78739",Austin,TX
193,"22410 Mountain View Rd, Moreno Valley, CA 92557",Moreno Valley,CA
194,"2120 Clay Pond Dr, Oakland, TN 38060",Oakland,TN
195,"5411 Tyrone Ave, Apt 103, Sherman Oaks, CA 91401",Sherman Oaks,CA
196,"3191 Medical Ctr Dr, Apt 34205, Mckinney, TX 75069",Mckinney,TX
197,"3135 S Ocean Dr, Apt 129, Hallandale Beach, FL 33009",Hallandale Beach,FL
198,"91 Indian Creek Dr, Levittown, PA 19057",Levittown,PA
199,"4607 Laureldale Rd, Houston, TX 77041",Houston,TX
200,"9201 Sw 103rd St, Miami, FL 33176",Miami,FL
201,"310 9th St, Apt B, Hoboken, NJ 07030",Hoboken,NJ
202,"PO Box 2673, Laurel, MD 20709",Laurel,MD
203,"1405 Anderholt Rd, Holtville, CA 92250",Holtville,CA
204,"6478 Lake Scene St, Las Vegas, NV 89148",Las Vegas,NV
205,"N1473 Keimar Ct, Greenville, WI 54942",Greenville,WI
206,"13254 Cipresso Palco, San Antonio, TX 78253",San Antonio,TX
207,"2106 Pearl Dr, Arnold, MO 63010",Arnold,MO
208,"16402 Ledge Rock St, San Antonio, TX 78232",San Antonio,TX
209,"PO Box 7677, Jackson, MS 39284",Jackson,MS
210,"6045 Ojai Cir, Banning, CA 92220",Banning,CA
211,"12639 Hickory Bend Dr, Houston, TX 77070",Houston,TX
212,"10226 Baltusrol Ct, Oakton, VA 22124",Oakton,VA
213,"10671 Larch Ave, Bloomington, CA 92316",Bloomington,CA
214,"2381 Hyland Ave, Ventura, CA 93001",Ventura,CA
215,"6125 Amani Pl, Orangevale, CA 95662",Orangevale,CA
216,"543 Tanbridge Rd, Wilmington, NC 28405",Wilmington,NC
217,"115 Haven Rdg, Peachtree City, GA 30269",Peachtree City,GA
218,"817 E Lamonte St, San Tan Valley, AZ 85140",San Tan Valley,AZ
219,"222 Green Island Rd, Savannah, GA 31411",Savannah,GA
220,"14549 Sw 22nd St, Miami, FL 33175",Miami,FL
221,"28 York Ter, Brookline, MA 02446",Brookline,MA
222,"14951 Walden Springs Way, Apt 621, Jacksonville, FL 32258",Jacksonville,FL
223,"4434 Wilson Rd, Wooster, OH 44691",Wooster,OH
224,"1914 Dawnview Pl, Fairfield, CA 94534",Fairfield,CA
225,"11509 W Virginia Ave, Lakewood, CO 80226",Lakewood,CO
226,"1280 Nw 28th St, Miami, FL 33142",Miami,FL
227,"2016 Van Buren St, High Point, NC 27260",High Point,NC
228,"1434 County Road 106 Rd, Columbus, TX 78934",Columbus,TX
229,"1000 Ne 24th St, Moore, OK 73160",Moore,OK
230,"1316 11th Ave, Natrona Heights, PA 15065",Natrona Heights,PA
231,"128 Kathryan Ct, Greenville, SC 29605",Greenville,SC
232,"712 Inlet, Quay Apt J, Chesapeake, VA 23320",Chesapeake,VA
233,"1316 Radio Ln, Apt 16, Rosenberg, TX 77471",Rosenberg,TX
234,"2551 Bispham Rd, Sarasota, FL 34231",Sarasota,FL
235,"320 Liliuokalani Ave, Apt 2204, Honolulu, HI 96815",Honolulu,HI
236,"4145 Alpine Ave, Midland, NC 28107",Midland,NC
237,"403 E Lastie St, Erath, LA 70533",Erath,LA
238,"9771 Chianti Classico Ter, Boca Raton, FL 33496",Boca Raton,FL
239,"23-B Park Pl, Tiffin, IA 52340",Tiffin,IA
240,"10045 Pacific Ave, Franklin Park, IL 60131",Franklin Park,IL
241,"7708 Margate Blvd, Ofc, Margate, FL 33063",Margate,FL
242,"1881 N Kenwyck Dr, Ypsilanti, MI 48198",Ypsilanti,MI
243,"3543 N Ellendale Ave, Fresno, CA 93722",Fresno,CA
244,"429 Fort, Saratoga, Saint Charles, MO 63303",Saint Charles,MO
245,"1786 Granada Dr, Marco Island, FL 34145",Marco Island,FL
246,"1152 Tennyson Pl NE, Brookhaven, GA 30319",Brookhaven,GA
247,"21009 N 61st St, Phoenix, AZ 85054",Phoenix,AZ
248,"1210 Nashua Rd, Liberty, MO 64068",Liberty,MO
249,"38 Sycamore Dr, Chickamauga, GA 30707",Chickamauga,GA
250,"512 Soft Shadow Ln, Debary, FL 32713",Debary,FL
251,"1397 Eastwood Dr, Aurora, IL 60506",Aurora,IL
252,"13785 State Hwy, 141, Mapleton, IA 51034",Mapleton,IA
253,"1409 Nw 188th St, Edmond, OK 73012",Edmond,OK
254,"1231 Fairway Pointe Dr, Traverse City, MI 49696",Traverse City,MI
255,"1324 S Broad St, Apt 2F, Philadelphia, PA 19146",Philadelphia,PA
256,"2637 S 52nd St, Kansas City, KS 66106",Kansas City,KS
257,"28 Tennis Village Dr, Rockwall, TX 75032",Rockwall,TX
258,"6361 Coronado Ave, Long Beach, CA 90805",Long Beach,CA
259,"106 Arlington Rdg, Cary, NC 27513",Cary,NC
260,"1205 N Santa Fe Ave, Spc 52, Vista, CA 92084",Vista,CA
261,"2011 Hickory Ln, Fultondale, AL 35068",Fultondale,AL
262,"401 Zircon Ct, Jacksonville, NC 28546",Jacksonville,NC
263,"17772 Sweetbriar Pl, Castro Valley, CA 94546",Castro Valley,CA
264,"32966 Josheroo Ct, Temecula, CA 92592",Temecula,CA
265,"1132 Fairview Ave, Apt M6, Bowling Green, KY 42103",Bowling Green,KY
266,"419 Boswell St, Durham, NC 27703",Durham,NC
267,"5030 149th St N, Unit 4, Hugo, MN 55038",Hugo,MN
268,"3802 Bank St, Louisville, KY 40212",Louisville,KY
269,"1010 Rio Bravo Dr, Forney, TX 75126",Forney,TX
270,"550 Summit Ave, Apt 201, Saint Paul, MN 55102",Saint Paul,MN
271,"8348 Tunney Ave, Northridge, CA 91324",Northridge,CA
272,"150 S Waters Edge Dr, Apt A, Glendale Heights, IL 60139",Glendale Heights,IL
273,"170 Waring Way, Merritt Island, FL 32952",Merritt Island,FL
274,"1428 W Congress St, Milwaukee, WI 53209",Milwaukee,WI
275,"903B Meghan Ct, Siloam Springs, AR 72761",Siloam Springs,AR
276,"Mountain Rd, Asheboro, NC 27205",Asheboro,NC
277,"938 Cornell Ave, Albany, CA 94706",Albany,CA
278,"4115 Carson Ave, Indianapolis, IN 46227",Indianapolis,IN
279,"3326 Famille Ct, San Jose, CA 95135",San Jose,CA
280,"908 Foxborough Rd, Charlotte, NC 28213",Charlotte,NC
281,"2302 Meadowglen Dr NE, Grand Rapids, MI 49505",Grand Rapids,MI
282,"219 Dickson St, Westminster, SC 29693",Westminster,SC
283,"5582 Carmona Pl, Sarasota, FL 34238",Sarasota,FL
284,"501 Mulberry St, Valley Falls, KS 66088",Valley Falls,KS
285,"519 S Franklin St, Hanover, PA 17331",Hanover,PA
286,"94 Hill St, Norcross, GA 30071",Norcross,GA
287,"319 E Trinity Ln, # C, Nashville, TN 37207",Nashville,TN
288,"685 Terrace Dr, Paramus, NJ 07652",Paramus,NJ
289,"1984 Pico Blvd, Santa Monica, CA 90405",Santa Monica,CA
290,"35 Calibogue Cay Rd, Hilton Head Island, SC 29928",Hilton Head Island,SC
291,"1517 E Colter St, # 448, Phoenix, AZ 85014",Phoenix,AZ
292,"1523 W Cheyenne Dr, Chandler, AZ 85224",Chandler,AZ
293,"5705 Brooks Woods Rd, Lothian, MD 20711",Lothian,MD
294,"723 Eastern Ave, Rocky Mount, NC 27801",Rocky Mount,NC
295,"12717 FM 31, Marshall, TX 75672",Marshall,TX
296,"52 Sunrise Rdg, Maggie Valley, NC 28751",Maggie Valley,NC
297,"4310 Sugar Maple Chase NW, Acworth, GA 30101",Acworth,GA
298,"76 S Pine Dr, Bailey, CO 80421",Bailey,CO
299,"1452 Mason Dr, Parma, OH 44134",Parma,OH
300,"2838 N Damen Ave, Unit 3, Chicago, IL 60618",Chicago,IL
301,"113 Abbey Rd, Voorhees, NJ 08043",Voorhees,NJ
302,"321 Sw Coconut Key Way, Port Saint Lucie, FL 34986",Port Saint Lucie,FL
303,"1804 Spring St, Parkersburg, WV 26101",Parkersburg,WV
304,"1930 Kellogg Rd, Genoa Township, MI 48114",Genoa Township,MI
305,"2312 N Opal St, Philadelphia, PA 19132",Philadelphia,PA
306,"812 Sycamore St, Rocky Mount, NC 27801",Rocky Mount,NC
307,"3951 York View Dr NW, Comstock Park, MI 49321",Comstock Park,MI
308,"10006 Southwick Ct, Fredericksburg, VA 22407",Fredericksburg,VA
309,"1502 Se 17th Ave, Homestead, FL 33035",Homestead,FL
310,"8246 Crystal Ct, Apt D, Twentynine Palms, CA 92277",Twentynine Palms,CA
311,"6412 Brentford Dr, Springfield, VA 22152",Springfield,VA
312,"49 Panorama Dr, Sussex, NJ 07461",Sussex,NJ
313,"16856 W Buckhorn Trl, Surprise, AZ 85387",Surprise,AZ
314,"2561 Carpenter Rd, Lapeer, MI 48446",Lapeer,MI
315,"417 Garron Ct, Myrtle Beach, SC 29579",Myrtle Beach,SC
316,"2376 Carlton Rd SW, Roanoke, VA 24015",Roanoke,VA
317,"719 E Flint St, Laramie, WY 82072",Laramie,WY
318,"208 Boden Way, Greensboro, NC 27405",Greensboro,NC
319,"304 E Marshall St, Ithaca, NY 14850",Ithaca,NY
320,"99 Ogunquit Rd, South Berwick, ME 03908",South Berwick,ME
321,"PO Box 1091, Saint Charles, MO 63302",Saint Charles,MO
322,"2676 Unbridled Way, Morrow, OH 45152",Morrow,OH
323,"36 S Butler Ave, Indianapolis, IN 46219",Indianapolis,IN
324,"7671 Nw 16th Ct, Pembroke Pines, FL 33024",Pembroke Pines,FL
325,"1951 N Meridian Rd, Apt 89, Tallahassee, FL 32303",Tallahassee,FL
326,"8616 Pennegrove Cir, Charlotte, NC 28214",Charlotte,NC
327,"863 Lanceleaf Dr, Windsor, CO 80550",Windsor,CO
328,"621 Ne D St, Grants Pass, OR 97526",Grants Pass,OR
329,"1035 Steve Dr, Beaumont, TX 77703",Beaumont,TX
330,"10335 Landsbury Dr, Ste 314, Houston, TX 77099",Houston,TX
331,"24 W 40th St, Fl 8, New York, NY 10018",New York,NY
332,"4887 W Cougar Cir, Coeur D Alene, ID 83815",Coeur D Alene,ID
333,"918 W Oak Hill Ave, Knoxville, TN 37921",Knoxville,TN
334,"38 Northgate Cir, Northport, AL 35476",Northport,AL
335,"5348 Mt Gallant Rd, Rock Hill, SC 29732",Rock Hill,SC
336,"40262 162nd St E, Palmdale, CA 93591",Palmdale,CA
337,"1304 W Dolphin Dr, Oak Island, NC 28465",Oak Island,NC
338,"10405 24th St SE, Lake Stevens, WA 98258",Lake Stevens,WA
339,"310 Brooks Ave W, Saint Paul, MN 55113",Saint Paul,MN
340,"1550 Eastlake Ave E, Apt 502, Seattle, WA 98102",Seattle,WA
341,"2056 Weldon St, Milan, TN 38358",Milan,TN
342,"201 Amy Ln, Helena, AL 35080",Helena,AL
343,"30625 Bartels Rd, Bulverde, TX 78163",Bulverde,TX
344,"8227 Dow Cir, Strongsville, OH 44136",Strongsville,OH
345,"635 Wedge Dr, Naples, FL 34103",Naples,FL
346,"84 Prospect St, Fitchburg, MA 01420",Fitchburg,MA
347,"16518 Whiteoak Canyon Dr, Humble, TX 77346",Humble,TX
348,"13006 Joclaire Ct, Charlotte, NC 28215",Charlotte,NC
349,"3305 Kissman Dr, Austin, TX 78728",Austin,TX
350,"4402 W Paul Ave, Tampa, FL 33611",Tampa,FL
351,"250 Hayfield Dr, Delaware, OH 43015",Delaware,OH
352,"9229 W Stirrup Dr, Boise, ID 83709",Boise,ID
353,"2257 Laurel Ave, Pomona, CA 91768",Pomona,CA
354,"8357 Quay Dr, Arvada, CO 80003",Arvada,CO
355,"1988 W 39th Ave, Kennewick, WA 99337",Kennewick,WA
356,"100 Kane St, Apt C2, West Hartford, CT 06119",West Hartford,CT
357,"2 Wheel Pl, # B, Palm Coast, FL 32164",Palm Coast,FL
358,"11 Devonshire Dr, Yorktown Heights, NY 10598",Yorktown Heights,NY
359,"17725 Queen Palm Dr, Penitas, TX 78576",Penitas,TX
360,"2335 W Cocopah St, Phoenix, AZ 85009",Phoenix,AZ
361,"111309 Village Rd, Chaska, MN 55318",Chaska,MN
362,"PO Box 642, Isleta, NM 87022",Isleta,NM
363,"415 3rd St, Jesup, IA 50648",Jesup,IA
364,"195 Stanton St, Apt 5G, New York, NY 10002",New York,NY
365,"861 Harold Pl, Ste 205, Chula Vista, CA 91914",Chula Vista,CA
366,"8448 W Sunnyslope Ln, Peoria, AZ 85345",Peoria,AZ
367,"24704 87th Dr, Bellerose, NY 11426",Bellerose,NY
368,"1118 Roselle St, Apt 2, Linden, NJ 07036",Linden,NJ
369,"1691 Morocco Dr, San Jose, CA 95125",San Jose,CA
370,"521 Isham St, Unit 5, New York, NY 10034",New York,NY
371,"7600 Kennedy Ct, Mentor, OH 44060",Mentor,OH
372,"204 Sea Oats Dr, Apt F, Juno Beach, FL 33408",Juno Beach,FL
373,"109 Woodland Ct, Hendersonville, TN 37075",Hendersonville,TN
374,"612 W Summit Ave, Pueblo, CO 81004",Pueblo,CO
375,"504 Voters Rd, Slidell, LA 70461",Slidell,LA
376,"5028 Woodley Ave, Encino, CA 91436",Encino,CA
377,"464 W Apache Dr, Paoli, IN 47454",Paoli,IN
378,"2682 Seneca Trl, Duluth, GA 30096",Duluth,GA
379,"2459 E Porter Ave, Des Moines, IA 50320",Des Moines,IA
380,"7019 Caldwell Ave, Maspeth, NY 11378",Maspeth,NY
381,"1907 Norwich Rd, Glen Burnie, MD 21061",Glen Burnie,MD
382,"4117 D St, Sacramento, CA 95819",Sacramento,CA
383,"41 Ashford Ave, Mill Valley, CA 94941",Mill Valley,CA
384,"7755 E Laguna Azul Ave, Unit 131, Mesa, AZ 85209",Mesa,AZ
385,"1513 Creek Springs Dr, Allen, TX 75002",Allen,TX
386,"1605 Ervin Ln, Pineville, NC 28134",Pineville,NC
387,"854 Halesworth Dr, Cincinnati, OH 45240",Cincinnati,OH
388,"1943 Temple Park Dr, Loganville, GA 30052",Loganville,GA
389,"9831 Placid Bay, San Antonio, TX 78245",San Antonio,TX
390,"26944 Orchid Ave, Mission Viejo, CA 92692",Mission Viejo,CA
391,"490 Guerrero St, Apt 4, San Francisco, CA 94110",San Francisco,CA
392,"1406 Robert Lewis Ave, Upper Marlboro, MD 20774",Upper Marlboro,MD
393,"307 Thurston Rd, Mathews, VA 23109",Mathews,VA
394,"614 S Main St, Blackstone, VA 23824",Blackstone,VA
395,"3845 Victoria Dr, West Palm Beach, FL 33406",West Palm Beach,FL
396,"1552 N Rural St, Indianapolis, IN 46201",Indianapolis,IN
397,"630 Edgar St, Bossier City, LA 71112",Bossier City,LA
398,"2440 Arkansas Ave, Norfolk, VA 23513",Norfolk,VA
399,"3177 W Williams Dr, Phoenix, AZ 85027",Phoenix,AZ
400,"617 Fremont Ave NW, Grand Rapids, MI 49504",Grand Rapids,MI
401,"240 N Jones Blvd, Ste B, Las Vegas, NV 89107",Las Vegas,NV
402,"199 Thornapple Trl, Delaware, OH 43015",Delaware,OH
403,"405 N Main St, Princeton, IN 47670",Princeton,IN
404,"3688 Crossings Crst, Birmingham, AL 35242",Birmingham,AL
405,"1335 Morgan Dairy Rd SW, Cave Spring, GA 30124",Cave Spring,GA
406,"602 W Lincoln Rd, Stockton, CA 95207",Stockton,CA
407,"6475 W Oklnd Prk Blvd, Apt 104, Lauderhill, FL 33313",Lauderhill,FL
408,"2101 S Sabrina, Mesa, AZ 85209",Mesa,AZ
409,"9833 Bridgeton Dr, Tampa, FL 33626",Tampa,FL
410,"5726 Anita St, Dallas, TX 75206",Dallas,TX
411,"21247 Chardonnay Dr, Apple Valley, CA 92308",Apple Valley,CA
412,"221 Turnberry St, Port Wentworth, GA 31407",Port Wentworth,GA
413,"8610 144th St, Jamaica, NY 11435",Jamaica,NY
414,"14 Rumford Ct, Lancaster, PA 17602",Lancaster,PA
415,"18442 E El Cortez Dr, Rio Verde, AZ 85263",Rio Verde,AZ
416,"9632 E 39th Pl, Indianapolis, IN 46235",Indianapolis,IN
417,"6024 Fairfield Ave Apt B, Fort Wayne, IN 46807",Fort Wayne,IN
418,"13305 Lenfant Dr, Fort Washington, MD 20744",Fort Washington,MD
419,"905 162nd St, Apt 5C, Whitestone, NY 11357",Whitestone,NY
420,"780 Eden Rd, Ste 2, Lancaster, PA 17601",Lancaster,PA
421,"426 Central Parkway Ave SE, Warren, OH 44483",Warren,OH
422,"37 Clinton Ave, Holyoke, MA 01040",Holyoke,MA
423,"6149 Big Bird Dr, Colorado Springs, CO 80925",Colorado Springs,CO
424,"314 S Broadway St, Manhattan, MT 59741",Manhattan,MT
425,"7774 Mordecai Ct, Jacksonville, FL 32210",Jacksonville,FL
426,"120 E 54th Ave, Apt 302A, Merrillville, IN 46410",Merrillville,IN
427,"2181 County Rd, 81, Clanton, AL 35045",Clanton,AL
428,"14964 Long View Dr, Fontana, CA 92337",Fontana,CA
429,"422 Mimosa Grove Xing, Tucker, GA 30084",Tucker,GA
430,"9 Schettig Ct, Spring Valley, NY 10977",Spring Valley,NY
431,"1090 S Victory Dr, Mankato, MN 56001",Mankato,MN
432,"6507 Rosemont Ave, Detroit, MI 48228",Detroit,MI
433,"9215 N Charles Pt, Citrus Springs, FL 34434",Citrus Springs,FL
434,"8005 Sand Point Way NE, Unit A41, Seattle, WA 98115",Seattle,WA
435,"3422 Shadow Burch Rd, Florence, SC 29505",Florence,SC
436,"1760 Annandale Cir, Royal Palm Beach, FL 33411",Royal Palm Beach,FL
437,"2179 Bluestone Cir, Chula Vista, CA 91913",Chula Vista,CA
438,"2740 N Elm Ln, Arlington Heights, IL 60004",Arlington Heights,IL
439,"5890 Holtville Rd, Wetumpka, AL 36092",Wetumpka,AL
440,"2162 Pine St, Apt 102, San Francisco, CA 94115",San Francisco,CA
441,"7809 Sullivans Trace Dr, Charlotte, NC 28217",Charlotte,NC
442,"262 El Dorado St, Ste 100, Monterey, CA 93940",Monterey,CA
443,"3028 4th Ave, Parkville, MD 21234",Parkville,MD
444,"822 Golf View Dr, Apt 109, Medford, OR 97504",Medford,OR
445,"3519 W 117th St, Inglewood, CA 90303",Inglewood,CA
446,"11241 Eva Mae Ct, Baton Rouge, LA 70818",Baton Rouge,LA
447,"410 Bryan St, Apt 4, Denton, TX 76201",Denton,TX
448,"2350 W 11th St, Brooklyn, NY 11223",Brooklyn,NY
449,"10592 N Clark Ave, Alexandria, IN 46001",Alexandria,IN
450,"Oleander Ave Near Paine St, California City, CA 93505",California City,CA
451,"3855 Many Oaks Ln, Shingle Springs, CA 95682",Shingle Springs,CA
452,"1053 Homestead Dr, Emmett, ID 83617",Emmett,ID
453,"PO Box 254, Thurmond, NC 28683",Thurmond,NC
454,"213 Harrington Dr, Anderson, SC 29625",Anderson,SC
455,"50 Majestic Ct, Apt 402, Moorpark, CA 93021",Moorpark,CA
456,"6903 W 29th Ave, Unit 201, Hialeah, FL 33018",Hialeah,FL
457,"143 Middle View Dr, Fenton, MO 63026",Fenton,MO
458,"1171 Dean Ave, San Jose, CA 95125",San Jose,CA
459,"410 Choctaw Ln, Flowood, MS 39232",Flowood,MS
460,"3283 E Acacia Ave, Fresno, CA 93726",Fresno,CA
461,"1410 Taft Ave, Alamogordo, NM 88310",Alamogordo,NM
462,"45 Englewood St, Mount Clemens, MI 48043",Mount Clemens,MI
463,"6986 Fuller Station Rd, Schenectady, NY 12303",Schenectady,NY
464,"2305 Foster Ave, Parkville, MD 21234",Parkville,MD
465,"600 3rd St SE, Apt 110, Cokato, MN 55321",Cokato,MN
466,"7865 E Mississippi Ave, Apt 504, Denver, CO 80247",Denver,CO
467,"4 Chauncy Ter, Unit 3, Cambridge, MA 02138",Cambridge,MA
468,"108 Blue Bell Ln, Daytona Beach, FL 32114",Daytona Beach,FL
469,"1100 W 136th St, Burnsville, MN 55337",Burnsville,MN
470,"100 Walden Pond Ln, Cranberry Township, PA 16066",Cranberry Township,PA
471,"7873 Peralta Rd, Rancho Cucamonga, CA 91730",Rancho Cucamonga,CA
472,"1501 Front St, Unit 440, San Diego, CA 92101",San Diego,CA
473,"6519 Falcon Rdg, Manvel, TX 77578",Manvel,TX
474,"2083 S Green Rd, Cleveland, OH 44121",Cleveland,OH
475,"74 Franklin Ave, Apt 3, Nutley, NJ 07110",Nutley,NJ
476,"116 Spyglass Hill Loop, Unit 713, Columbia Falls, MT 59912",Columbia Falls,MT
477,"1747 Morning Star Dr, Clermont, FL 34714",Clermont,FL
478,"3248 Clifton Ct, Palo Alto, CA 94303",Palo Alto,CA
479,"477 Fdr Dr, Apt M204, New York, NY 10002",New York,NY
480,"409 Linda Dr, Burleson, TX 76028",Burleson,TX
481,"1509 Tofting Ave, Iowa City, IA 52240",Iowa City,IA
482,"2617 Rowland Ave NE, Canton, OH 44714",Canton,OH
483,"4217 Longview St, Bellevue, NE 68123",Bellevue,NE
484,"4684 Woodridge Dr, Youngstown, OH 44515",Youngstown,OH
485,"7017 Reatta Ct, North Richland Hills, TX 76182",North Richland Hills,TX
486,"17400 N Village Main Blvd, Unit 10, Lewes, DE 19958",Lewes,DE
487,"391 Nw 59th Ct, Ocala, FL 34482",Ocala,FL
488,"4122 Raleigh Rd, Pikesville, MD 21208",Pikesville,MD
489,"82 2nd St, Prue, OK 74060",Prue,OK
490,"720 Petaluma Blvd S, Apt 39, Petaluma, CA 94952",Petaluma,CA
491,"6970 Sw 94th Ct, Ocala, FL 34481",Ocala,FL
492,"39 Mohican Dr, Westfield, NJ 07090",Westfield,NJ
493,"200 Wildflower Dr, Apt 2, Ithaca, NY 14850",Ithaca,NY
494,"2828 Bammel Ln, Apt 304, Houston, TX 77098",Houston,TX
495,"1333 Sea Biscuit Ln, Hanover Park, IL 60133",Hanover Park,IL
496,"701 E Gladys St, Sikeston, MO 63801",Sikeston,MO
497,"538 Berke St, Newark, TX 76071",Newark,TX
498,"34400 Sw 212th Ave, Homestead, FL 33034",Homestead,FL
499,"10123 Corona Ln, Plain City, OH 43064",Plain City,OH
500,"225 Audobon Ln, Royse City, TX 75189",Royse City,TX
